timestamp_utc,relpath,mask_path,object_rank,object_id,area_px,area_frac,bbox_x0,bbox_y0,bbox_x1,bbox_y1,centroid_x,centroid_y
,data/raw/2026-01-29/master/frames/himawari_20260128T210000Z.png,/home/runner/work/himawari-ml/himawari-ml/out/2026-01-29/daily/masks/himawari_20260128T210000Z_mask.png,1,2,311,0.0047454833984375,203,142,220,171,210.61093247588425,154.2797427652733
,data/raw/2026-01-29/master/frames/himawari_20260128T211000Z.png,/home/runner/work/himawari-ml/himawari-ml/out/2026-01-29/daily/masks/himawari_20260128T211000Z_mask.png,1,2,327,0.0049896240234375,203,142,220,171,210.4678899082569,153.65443425076452
,data/raw/2026-01-29/master/frames/himawari_20260128T212000Z.png,/home/runner/work/himawari-ml/himawari-ml/out/2026-01-29/daily/masks/himawari_20260128T212000Z_mask.png,1,2,328,0.0050048828125,203,142,220,171,210.46341463414635,153.66158536585365
,data/raw/2026-01-29/master/frames/himawari_20260128T213000Z.png,/home/runner/work/himawari-ml/himawari-ml/out/2026-01-29/daily/masks/himawari_20260128T213000Z_mask.png,1,2,333,0.0050811767578125,202,142,220,172,210.26426426426426,153.84384384384384
,data/raw/2026-01-29/master/frames/himawari_20260128T214000Z.png,/home/runner/work/himawari-ml/himawari-ml/out/2026-01-29/daily/masks/himawari_20260128T214000Z_mask.png,1,4,568,0.0086669921875,202,142,239,172,219.22711267605635,154.38732394366198
,data/raw/2026-01-29/master/frames/himawari_20260128T215000Z.png,/home/runner/work/himawari-ml/himawari-ml/out/2026-01-29/daily/masks/himawari_20260128T215000Z_mask.png,1,4,595,0.0090789794921875,203,142,239,172,219.19159663865545,154.30420168067226
,data/raw/2026-01-29/master/frames/himawari_20260128T220000Z.png,/home/runner/work/himawari-ml/himawari-ml/out/2026-01-29/daily/masks/himawari_20260128T220000Z_mask.png,1,5,588,0.00897216796875,202,142,239,172,219.1122448979592,154.26020408163265
,data/raw/2026-01-29/master/frames/himawari_20260128T221000Z.png,/home/runner/work/himawari-ml/himawari-ml/out/2026-01-29/daily/masks/himawari_20260128T221000Z_mask.png,1,4,607,0.0092620849609375,202,141,239,173,218.6326194398682,154.54365733113673
,data/raw/2026-01-29/master/frames/himawari_20260128T222000Z.png,/home/runner/work/himawari-ml/himawari-ml/out/2026-01-29/daily/masks/himawari_20260128T222000Z_mask.png,1,3,624,0.009521484375,202,141,239,173,218.64423076923077,154.52884615384616
,data/raw/2026-01-29/master/frames/himawari_20260128T223000Z.png,/home/runner/work/himawari-ml/himawari-ml/out/2026-01-29/daily/masks/himawari_20260128T223000Z_mask.png,1,3,635,0.0096893310546875,202,141,239,174,218.51496062992126,154.55905511811022
,data/raw/2026-01-29/master/frames/himawari_20260128T224000Z.png,/home/runner/work/himawari-ml/himawari-ml/out/2026-01-29/daily/masks/himawari_20260128T224000Z_mask.png,1,3,682,0.010406494140625,200,141,239,181,218.9824046920821,155.32258064516128
,data/raw/2026-01-29/master/frames/himawari_20260128T225000Z.png,/home/runner/work/himawari-ml/himawari-ml/out/2026-01-29/daily/masks/himawari_20260128T225000Z_mask.png,1,3,675,0.0102996826171875,200,141,239,179,218.71851851851852,154.91407407407408
,data/raw/2026-01-29/master/frames/himawari_20260128T230000Z.png,/home/runner/work/himawari-ml/himawari-ml/out/2026-01-29/daily/masks/himawari_20260128T230000Z_mask.png,1,3,648,0.0098876953125,200,141,239,173,218.66358024691357,153.91512345679013
,data/raw/2026-01-29/master/frames/himawari_20260128T231000Z.png,/home/runner/work/himawari-ml/himawari-ml/out/2026-01-29/daily/masks/himawari_20260128T231000Z_mask.png,1,3,666,0.010162353515625,200,141,239,172,218.93393393393393,153.99699699699698
,data/raw/2026-01-29/master/frames/himawari_20260128T232000Z.png,/home/runner/work/himawari-ml/himawari-ml/out/2026-01-29/daily/masks/himawari_20260128T232000Z_mask.png,1,3,664,0.0101318359375,200,141,239,172,218.81024096385542,153.9984939759036
,data/raw/2026-01-29/master/frames/himawari_20260128T233000Z.png,/home/runner/work/himawari-ml/himawari-ml/out/2026-01-29/daily/masks/himawari_20260128T233000Z_mask.png,1,3,630,0.009613037109375,200,141,239,172,218.7,154.24920634920636
,data/raw/2026-01-29/master/frames/himawari_20260128T234000Z.png,/home/runner/work/himawari-ml/himawari-ml/out/2026-01-29/daily/masks/himawari_20260128T234000Z_mask.png,1,3,614,0.009368896484375,200,141,239,172,218.5700325732899,154.2214983713355
,data/raw/2026-01-29/master/frames/himawari_20260128T235000Z.png,/home/runner/work/himawari-ml/himawari-ml/out/2026-01-29/daily/masks/himawari_20260128T235000Z_mask.png,1,4,599,0.0091400146484375,200,140,239,172,218.14691151919865,153.787979966611
,data/raw/2026-01-29/master/frames/himawari_20260129T000000Z.png,/home/runner/work/himawari-ml/himawari-ml/out/2026-01-29/daily/masks/himawari_20260129T000000Z_mask.png,1,4,609,0.0092926025390625,200,140,239,172,218.5287356321839,153.51231527093597
,data/raw/2026-01-29/master/frames/himawari_20260129T001000Z.png,/home/runner/work/himawari-ml/himawari-ml/out/2026-01-29/daily/masks/himawari_20260129T001000Z_mask.png,1,5,598,0.009124755859375,200,140,239,173,218.1722408026756,153.28929765886286
,data/raw/2026-01-29/master/frames/himawari_20260129T002000Z.png,/home/runner/work/himawari-ml/himawari-ml/out/2026-01-29/daily/masks/himawari_20260129T002000Z_mask.png,1,6,607,0.0092620849609375,200,140,238,173,218.31136738056014,153.38879736408566
,data/raw/2026-01-29/master/frames/himawari_20260129T003000Z.png,/home/runner/work/himawari-ml/himawari-ml/out/2026-01-29/daily/masks/himawari_20260129T003000Z_mask.png,1,10,656,0.010009765625,199,140,238,173,218.28048780487805,153.6371951219512
,data/raw/2026-01-29/master/frames/himawari_20260129T004000Z.png,/home/runner/work/himawari-ml/himawari-ml/out/2026-01-29/daily/masks/himawari_20260129T004000Z_mask.png,1,8,683,0.0104217529296875,199,140,238,174,218.68814055636895,153.3060029282577
,data/raw/2026-01-29/master/frames/himawari_20260129T005000Z.png,/home/runner/work/himawari-ml/himawari-ml/out/2026-01-29/daily/masks/himawari_20260129T005000Z_mask.png,1,8,632,0.0096435546875,199,140,238,174,218.40189873417722,153.47784810126583
,data/raw/2026-01-29/master/frames/himawari_20260129T010000Z.png,/home/runner/work/himawari-ml/himawari-ml/out/2026-01-29/daily/masks/himawari_20260129T010000Z_mask.png,1,8,629,0.0095977783203125,199,140,238,174,218.1939586645469,153.77424483306837
,data/raw/2026-01-29/master/frames/himawari_20260129T011000Z.png,/home/runner/work/himawari-ml/himawari-ml/out/2026-01-29/daily/masks/himawari_20260129T011000Z_mask.png,1,8,645,0.0098419189453125,199,140,238,170,218.68372093023257,152.8372093023256
,data/raw/2026-01-29/master/frames/himawari_20260129T012000Z.png,/home/runner/work/himawari-ml/himawari-ml/out/2026-01-29/daily/masks/himawari_20260129T012000Z_mask.png,1,8,615,0.0093841552734375,199,140,238,170,218.5349593495935,152.7479674796748
,data/raw/2026-01-29/master/frames/himawari_20260129T013000Z.png,/home/runner/work/himawari-ml/himawari-ml/out/2026-01-29/daily/masks/himawari_20260129T013000Z_mask.png,1,8,625,0.0095367431640625,200,140,238,175,218.0256,153.9056
,data/raw/2026-01-29/master/frames/himawari_20260129T014000Z.png,/home/runner/work/himawari-ml/himawari-ml/out/2026-01-29/daily/masks/himawari_20260129T014000Z_mask.png,1,10,624,0.009521484375,200,141,238,175,218.09455128205127,153.91666666666666
,data/raw/2026-01-29/master/frames/himawari_20260129T015000Z.png,/home/runner/work/himawari-ml/himawari-ml/out/2026-01-29/daily/masks/himawari_20260129T015000Z_mask.png,1,11,551,0.0084075927734375,202,141,238,167,218.508166969147,152.7858439201452
,data/raw/2026-01-29/master/frames/himawari_20260129T020000Z.png,/home/runner/work/himawari-ml/himawari-ml/out/2026-01-29/daily/masks/himawari_20260129T020000Z_mask.png,1,10,537,0.0081939697265625,202,141,237,167,218.42644320297953,152.83426443202978
,data/raw/2026-01-29/master/frames/himawari_20260129T021000Z.png,/home/runner/work/himawari-ml/himawari-ml/out/2026-01-29/daily/masks/himawari_20260129T021000Z_mask.png,1,14,441,0.0067291259765625,97,148,140,170,116.66213151927438,159.43764172335602
,data/raw/2026-01-29/master/frames/himawari_20260129T022000Z.png,/home/runner/work/himawari-ml/himawari-ml/out/2026-01-29/daily/masks/himawari_20260129T022000Z_mask.png,1,14,509,0.0077667236328125,202,141,237,167,218.69155206286837,152.7269155206287
,data/raw/2026-01-29/master/frames/himawari_20260129T023000Z.png,/home/runner/work/himawari-ml/himawari-ml/out/2026-01-29/daily/masks/himawari_20260129T023000Z_mask.png,1,17,473,0.0072174072265625,97,148,140,170,116.78435517970402,159.36786469344608
,data/raw/2026-01-29/master/frames/himawari_20260129T025000Z.png,/home/runner/work/himawari-ml/himawari-ml/out/2026-01-29/daily/masks/himawari_20260129T025000Z_mask.png,1,18,445,0.0067901611328125,98,148,141,169,117.02921348314607,159.15955056179774
,data/raw/2026-01-29/master/frames/himawari_20260129T030000Z.png,/home/runner/work/himawari-ml/himawari-ml/out/2026-01-29/daily/masks/himawari_20260129T030000Z_mask.png,1,18,491,0.0074920654296875,98,148,141,169,118.010183299389,158.81873727087577
,data/raw/2026-01-29/master/frames/himawari_20260129T031000Z.png,/home/runner/work/himawari-ml/himawari-ml/out/2026-01-29/daily/masks/himawari_20260129T031000Z_mask.png,1,20,527,0.0080413818359375,98,148,141,169,118.88425047438331,158.8842504743833
,data/raw/2026-01-29/master/frames/himawari_20260129T032000Z.png,/home/runner/work/himawari-ml/himawari-ml/out/2026-01-29/daily/masks/himawari_20260129T032000Z_mask.png,1,20,464,0.007080078125,98,148,141,169,118.16594827586206,158.6918103448276
,data/raw/2026-01-29/master/frames/himawari_20260129T033000Z.png,/home/runner/work/himawari-ml/himawari-ml/out/2026-01-29/daily/masks/himawari_20260129T033000Z_mask.png,1,19,457,0.0069732666015625,98,148,142,169,118.60175054704595,158.7483588621444
,data/raw/2026-01-29/master/frames/himawari_20260129T034000Z.png,/home/runner/work/himawari-ml/himawari-ml/out/2026-01-29/daily/masks/himawari_20260129T034000Z_mask.png,1,1,365,0.0055694580078125,56,47,77,69,65.83835616438355,57.25479452054795
,data/raw/2026-01-29/master/frames/himawari_20260129T035000Z.png,/home/runner/work/himawari-ml/himawari-ml/out/2026-01-29/daily/masks/himawari_20260129T035000Z_mask.png,1,1,365,0.0055694580078125,56,47,77,69,65.83835616438355,57.25479452054795
,data/raw/2026-01-29/master/frames/himawari_20260129T040000Z.png,/home/runner/work/himawari-ml/himawari-ml/out/2026-01-29/daily/masks/himawari_20260129T040000Z_mask.png,1,1,386,0.005889892578125,56,46,77,71,65.9041450777202,57.16062176165803
,data/raw/2026-01-29/master/frames/himawari_20260129T041000Z.png,/home/runner/work/himawari-ml/himawari-ml/out/2026-01-29/daily/masks/himawari_20260129T041000Z_mask.png,1,1,395,0.0060272216796875,56,46,77,71,65.81772151898734,56.84050632911392
,data/raw/2026-01-29/master/frames/himawari_20260129T042000Z.png,/home/runner/work/himawari-ml/himawari-ml/out/2026-01-29/daily/masks/himawari_20260129T042000Z_mask.png,1,1,395,0.0060272216796875,55,46,77,71,65.72658227848102,56.870886075949365
,data/raw/2026-01-29/master/frames/himawari_20260129T043000Z.png,/home/runner/work/himawari-ml/himawari-ml/out/2026-01-29/daily/masks/himawari_20260129T043000Z_mask.png,1,1,393,0.0059967041015625,55,46,77,71,65.76335877862596,56.7735368956743
,data/raw/2026-01-29/master/frames/himawari_20260129T044000Z.png,/home/runner/work/himawari-ml/himawari-ml/out/2026-01-29/daily/masks/himawari_20260129T044000Z_mask.png,1,1,408,0.0062255859375,53,46,77,71,65.37009803921569,56.83578431372549
,data/raw/2026-01-29/master/frames/himawari_20260129T045000Z.png,/home/runner/work/himawari-ml/himawari-ml/out/2026-01-29/daily/masks/himawari_20260129T045000Z_mask.png,1,1,451,0.0068817138671875,50,46,78,77,64.56319290465632,58.250554323725055
,data/raw/2026-01-29/master/frames/himawari_20260129T050000Z.png,/home/runner/work/himawari-ml/himawari-ml/out/2026-01-29/daily/masks/himawari_20260129T050000Z_mask.png,1,1,422,0.006439208984375,53,46,78,71,65.53791469194313,56.69668246445497
,data/raw/2026-01-29/master/frames/himawari_20260129T051000Z.png,/home/runner/work/himawari-ml/himawari-ml/out/2026-01-29/daily/masks/himawari_20260129T051000Z_mask.png,1,1,411,0.0062713623046875,53,46,78,71,65.61070559610705,56.72749391727494
,data/raw/2026-01-29/master/frames/himawari_20260129T052000Z.png,/home/runner/work/himawari-ml/himawari-ml/out/2026-01-29/daily/masks/himawari_20260129T052000Z_mask.png,1,1,402,0.006134033203125,53,46,78,71,65.51492537313433,56.71641791044776
,data/raw/2026-01-29/master/frames/himawari_20260129T053000Z.png,/home/runner/work/himawari-ml/himawari-ml/out/2026-01-29/daily/masks/himawari_20260129T053000Z_mask.png,1,1,375,0.0057220458984375,54,46,78,71,65.82933333333334,56.84
,data/raw/2026-01-29/master/frames/himawari_20260129T054000Z.png,/home/runner/work/himawari-ml/himawari-ml/out/2026-01-29/daily/masks/himawari_20260129T054000Z_mask.png,1,1,349,0.0053253173828125,54,46,77,71,65.58166189111748,56.616045845272204
,data/raw/2026-01-29/master/frames/himawari_20260129T055000Z.png,/home/runner/work/himawari-ml/himawari-ml/out/2026-01-29/daily/masks/himawari_20260129T055000Z_mask.png,1,1,325,0.0049591064453125,54,46,75,71,65.0923076923077,56.8
,data/raw/2026-01-29/master/frames/himawari_20260129T060000Z.png,/home/runner/work/himawari-ml/himawari-ml/out/2026-01-29/daily/masks/himawari_20260129T060000Z_mask.png,1,1,310,0.004730224609375,54,46,75,71,64.76774193548387,56.76451612903226
,data/raw/2026-01-29/master/frames/himawari_20260129T061000Z.png,/home/runner/work/himawari-ml/himawari-ml/out/2026-01-29/daily/masks/himawari_20260129T061000Z_mask.png,1,1,292,0.00445556640625,54,47,75,71,64.37328767123287,57.18150684931507
,data/raw/2026-01-29/master/frames/himawari_20260128T210000Z.png,/home/runner/work/himawari-ml/himawari-ml/out/2026-01-29/daily/masks/himawari_20260128T210000Z_mask.png,2,3,269,0.0041046142578125,226,144,239,180,232.9368029739777,158.09665427509293
,data/raw/2026-01-29/master/frames/himawari_20260128T211000Z.png,/home/runner/work/himawari-ml/himawari-ml/out/2026-01-29/daily/masks/himawari_20260128T211000Z_mask.png,2,3,253,0.0038604736328125,226,144,239,178,232.94466403162056,157.34782608695653
,data/raw/2026-01-29/master/frames/himawari_20260128T212000Z.png,/home/runner/work/himawari-ml/himawari-ml/out/2026-01-29/daily/masks/himawari_20260128T212000Z_mask.png,2,3,258,0.003936767578125,226,144,239,177,232.89147286821705,156.89147286821705
,data/raw/2026-01-29/master/frames/himawari_20260128T230000Z.png,/home/runner/work/himawari-ml/himawari-ml/out/2026-01-29/daily/masks/himawari_20260128T230000Z_mask.png,2,2,265,0.0040435791015625,161,139,192,155,174.69056603773586,147.36603773584906
,data/raw/2026-01-29/master/frames/himawari_20260128T233000Z.png,/home/runner/work/himawari-ml/himawari-ml/out/2026-01-29/daily/masks/himawari_20260128T233000Z_mask.png,2,2,250,0.003814697265625,161,140,182,155,172.236,146.604
,data/raw/2026-01-29/master/frames/himawari_20260128T234000Z.png,/home/runner/work/himawari-ml/himawari-ml/out/2026-01-29/daily/masks/himawari_20260128T234000Z_mask.png,2,2,258,0.003936767578125,161,140,182,155,172.43023255813952,146.73643410852713
,data/raw/2026-01-29/master/frames/himawari_20260128T235000Z.png,/home/runner/work/himawari-ml/himawari-ml/out/2026-01-29/daily/masks/himawari_20260128T235000Z_mask.png,2,3,267,0.0040740966796875,161,140,183,155,172.3370786516854,146.7378277153558
,data/raw/2026-01-29/master/frames/himawari_20260129T000000Z.png,/home/runner/work/himawari-ml/himawari-ml/out/2026-01-29/daily/masks/himawari_20260129T000000Z_mask.png,2,3,316,0.00482177734375,161,140,192,155,173.8860759493671,147.58860759493672
,data/raw/2026-01-29/master/frames/himawari_20260129T001000Z.png,/home/runner/work/himawari-ml/himawari-ml/out/2026-01-29/daily/masks/himawari_20260129T001000Z_mask.png,2,4,330,0.005035400390625,161,140,192,155,174.05151515151516,147.78181818181818
,data/raw/2026-01-29/master/frames/himawari_20260129T002000Z.png,/home/runner/work/himawari-ml/himawari-ml/out/2026-01-29/daily/masks/himawari_20260129T002000Z_mask.png,2,5,350,0.005340576171875,161,140,192,155,173.93714285714285,148.00285714285715
,data/raw/2026-01-29/master/frames/himawari_20260129T003000Z.png,/home/runner/work/himawari-ml/himawari-ml/out/2026-01-29/daily/masks/himawari_20260129T003000Z_mask.png,2,9,355,0.0054168701171875,161,140,192,156,174.11830985915492,148.1380281690141
,data/raw/2026-01-29/master/frames/himawari_20260129T004000Z.png,/home/runner/work/himawari-ml/himawari-ml/out/2026-01-29/daily/masks/himawari_20260129T004000Z_mask.png,2,7,336,0.005126953125,161,140,192,156,174.77678571428572,148.30654761904762
,data/raw/2026-01-29/master/frames/himawari_20260129T005000Z.png,/home/runner/work/himawari-ml/himawari-ml/out/2026-01-29/daily/masks/himawari_20260129T005000Z_mask.png,2,7,326,0.004974365234375,161,140,191,156,174.34969325153375,148.44478527607362
,data/raw/2026-01-29/master/frames/himawari_20260129T010000Z.png,/home/runner/work/himawari-ml/himawari-ml/out/2026-01-29/daily/masks/himawari_20260129T010000Z_mask.png,2,7,323,0.0049285888671875,161,139,191,156,174.4767801857585,148.32817337461302
,data/raw/2026-01-29/master/frames/himawari_20260129T011000Z.png,/home/runner/work/himawari-ml/himawari-ml/out/2026-01-29/daily/masks/himawari_20260129T011000Z_mask.png,2,10,374,0.005706787109375,98,151,138,166,116.67647058823529,159.3181818181818
,data/raw/2026-01-29/master/frames/himawari_20260129T012000Z.png,/home/runner/work/himawari-ml/himawari-ml/out/2026-01-29/daily/masks/himawari_20260129T012000Z_mask.png,2,11,390,0.005950927734375,98,151,138,166,116.88205128205128,159.22820512820513
,data/raw/2026-01-29/master/frames/himawari_20260129T013000Z.png,/home/runner/work/himawari-ml/himawari-ml/out/2026-01-29/daily/masks/himawari_20260129T013000Z_mask.png,2,11,401,0.0061187744140625,98,151,138,170,116.4713216957606,159.5511221945137
,data/raw/2026-01-29/master/frames/himawari_20260129T014000Z.png,/home/runner/work/himawari-ml/himawari-ml/out/2026-01-29/daily/masks/himawari_20260129T014000Z_mask.png,2,3,292,0.00445556640625,123,65,153,89,138.99657534246575,76.4417808219178
,data/raw/2026-01-29/master/frames/himawari_20260129T015000Z.png,/home/runner/work/himawari-ml/himawari-ml/out/2026-01-29/daily/masks/himawari_20260129T015000Z_mask.png,2,15,421,0.0064239501953125,97,151,139,170,116.58669833729216,159.78384798099762
,data/raw/2026-01-29/master/frames/himawari_20260129T020000Z.png,/home/runner/work/himawari-ml/himawari-ml/out/2026-01-29/daily/masks/himawari_20260129T020000Z_mask.png,2,13,447,0.0068206787109375,97,148,139,170,116.38255033557047,159.3199105145414
,data/raw/2026-01-29/master/frames/himawari_20260129T021000Z.png,/home/runner/work/himawari-ml/himawari-ml/out/2026-01-29/daily/masks/himawari_20260129T021000Z_mask.png,2,8,383,0.0058441162109375,148,138,191,159,169.60052219321148,149.04960835509138
,data/raw/2026-01-29/master/frames/himawari_20260129T022000Z.png,/home/runner/work/himawari-ml/himawari-ml/out/2026-01-29/daily/masks/himawari_20260129T022000Z_mask.png,2,16,445,0.0067901611328125,97,148,140,170,116.72359550561798,159.43370786516854
,data/raw/2026-01-29/master/frames/himawari_20260129T023000Z.png,/home/runner/work/himawari-ml/himawari-ml/out/2026-01-29/daily/masks/himawari_20260129T023000Z_mask.png,2,4,392,0.0059814453125,112,65,154,92,136.71428571428572,77.63265306122449
,data/raw/2026-01-29/master/frames/himawari_20260129T025000Z.png,/home/runner/work/himawari-ml/himawari-ml/out/2026-01-29/daily/masks/himawari_20260129T025000Z_mask.png,2,4,389,0.0059356689453125,112,65,154,92,136.47300771208225,78.04627249357327
,data/raw/2026-01-29/master/frames/himawari_20260129T030000Z.png,/home/runner/work/himawari-ml/himawari-ml/out/2026-01-29/daily/masks/himawari_20260129T030000Z_mask.png,2,13,389,0.0059356689453125,149,139,192,158,170.19280205655528,149.5089974293059
,data/raw/2026-01-29/master/frames/himawari_20260129T031000Z.png,/home/runner/work/himawari-ml/himawari-ml/out/2026-01-29/daily/masks/himawari_20260129T031000Z_mask.png,2,4,371,0.0056610107421875,112,65,155,92,136.15902964959568,78.23180592991913
,data/raw/2026-01-29/master/frames/himawari_20260129T032000Z.png,/home/runner/work/himawari-ml/himawari-ml/out/2026-01-29/daily/masks/himawari_20260129T032000Z_mask.png,2,4,376,0.0057373046875,112,64,154,92,135.9840425531915,78.28191489361703
,data/raw/2026-01-29/master/frames/himawari_20260129T033000Z.png,/home/runner/work/himawari-ml/himawari-ml/out/2026-01-29/daily/masks/himawari_20260129T033000Z_mask.png,2,4,364,0.00555419921875,112,65,154,92,135.88186813186815,78.51373626373626
,data/raw/2026-01-29/master/frames/himawari_20260129T034000Z.png,/home/runner/work/himawari-ml/himawari-ml/out/2026-01-29/daily/masks/himawari_20260129T034000Z_mask.png,2,14,362,0.005523681640625,150,140,189,158,168.96408839779005,149.74309392265192
,data/raw/2026-01-29/master/frames/himawari_20260129T035000Z.png,/home/runner/work/himawari-ml/himawari-ml/out/2026-01-29/daily/masks/himawari_20260129T035000Z_mask.png,2,15,337,0.0051422119140625,150,140,184,158,168.0059347181009,149.83976261127597
,data/raw/2026-01-29/master/frames/himawari_20260129T040000Z.png,/home/runner/work/himawari-ml/himawari-ml/out/2026-01-29/daily/masks/himawari_20260129T040000Z_mask.png,2,17,322,0.004913330078125,98,148,131,169,115.54347826086956,159.4503105590062
,data/raw/2026-01-29/master/frames/himawari_20260129T041000Z.png,/home/runner/work/himawari-ml/himawari-ml/out/2026-01-29/daily/masks/himawari_20260129T041000Z_mask.png,2,18,329,0.0050201416015625,98,149,131,169,115.65349544072949,159.3981762917933
,data/raw/2026-01-29/master/frames/himawari_20260129T042000Z.png,/home/runner/work/himawari-ml/himawari-ml/out/2026-01-29/daily/masks/himawari_20260129T042000Z_mask.png,2,21,323,0.0049285888671875,98,149,131,169,115.89164086687306,159.42105263157896
,data/raw/2026-01-29/master/frames/himawari_20260129T043000Z.png,/home/runner/work/himawari-ml/himawari-ml/out/2026-01-29/daily/masks/himawari_20260129T043000Z_mask.png,2,21,365,0.0055694580078125,98,149,131,169,116.0986301369863,159.39178082191782
,data/raw/2026-01-29/master/frames/himawari_20260129T044000Z.png,/home/runner/work/himawari-ml/himawari-ml/out/2026-01-29/daily/masks/himawari_20260129T044000Z_mask.png,2,18,367,0.0055999755859375,98,149,131,169,116.2724795640327,159.29972752043597
,data/raw/2026-01-29/master/frames/himawari_20260129T045000Z.png,/home/runner/work/himawari-ml/himawari-ml/out/2026-01-29/daily/masks/himawari_20260129T045000Z_mask.png,2,16,368,0.005615234375,98,149,131,169,116.33695652173913,159.28532608695653
,data/raw/2026-01-29/master/frames/himawari_20260129T050000Z.png,/home/runner/work/himawari-ml/himawari-ml/out/2026-01-29/daily/masks/himawari_20260129T050000Z_mask.png,2,15,268,0.00408935546875,104,149,127,169,116.97014925373135,158.01865671641792
,data/raw/2026-01-29/master/frames/himawari_20260129T052000Z.png,/home/runner/work/himawari-ml/himawari-ml/out/2026-01-29/daily/masks/himawari_20260129T052000Z_mask.png,2,15,261,0.0039825439453125,104,149,127,169,116.38314176245211,157.72413793103448
,data/raw/2026-01-29/master/frames/himawari_20260129T053000Z.png,/home/runner/work/himawari-ml/himawari-ml/out/2026-01-29/daily/masks/himawari_20260129T053000Z_mask.png,2,14,264,0.0040283203125,104,149,127,169,116.43560606060606,157.8409090909091
,data/raw/2026-01-29/master/frames/himawari_20260129T011000Z.png,/home/runner/work/himawari-ml/himawari-ml/out/2026-01-29/daily/masks/himawari_20260129T011000Z_mask.png,3,7,310,0.004730224609375,162,139,191,155,174.83870967741936,148.2709677419355
,data/raw/2026-01-29/master/frames/himawari_20260129T012000Z.png,/home/runner/work/himawari-ml/himawari-ml/out/2026-01-29/daily/masks/himawari_20260129T012000Z_mask.png,3,7,299,0.0045623779296875,162,139,191,155,174.91304347826087,148.2541806020067
,data/raw/2026-01-29/master/frames/himawari_20260129T013000Z.png,/home/runner/work/himawari-ml/himawari-ml/out/2026-01-29/daily/masks/himawari_20260129T013000Z_mask.png,3,2,289,0.0044097900390625,123,65,153,89,138.80968858131487,76.48442906574394
,data/raw/2026-01-29/master/frames/himawari_20260129T014000Z.png,/home/runner/work/himawari-ml/himawari-ml/out/2026-01-29/daily/masks/himawari_20260129T014000Z_mask.png,3,14,284,0.00433349609375,97,151,124,170,110.55985915492958,160.05985915492957
,data/raw/2026-01-29/master/frames/himawari_20260129T015000Z.png,/home/runner/work/himawari-ml/himawari-ml/out/2026-01-29/daily/masks/himawari_20260129T015000Z_mask.png,3,21,345,0.0052642822265625,87,189,131,219,107.18840579710145,206.34202898550726
,data/raw/2026-01-29/master/frames/himawari_20260129T020000Z.png,/home/runner/work/himawari-ml/himawari-ml/out/2026-01-29/daily/masks/himawari_20260129T020000Z_mask.png,3,18,351,0.0053558349609375,87,189,132,219,107.56125356125357,206.48717948717947
,data/raw/2026-01-29/master/frames/himawari_20260129T021000Z.png,/home/runner/work/himawari-ml/himawari-ml/out/2026-01-29/daily/masks/himawari_20260129T021000Z_mask.png,3,3,348,0.00531005859375,113,65,153,92,136.57471264367817,77.81896551724138
,data/raw/2026-01-29/master/frames/himawari_20260129T022000Z.png,/home/runner/work/himawari-ml/himawari-ml/out/2026-01-29/daily/masks/himawari_20260129T022000Z_mask.png,3,5,388,0.00592041015625,112,65,153,92,136.49484536082474,77.71134020618557
,data/raw/2026-01-29/master/frames/himawari_20260129T023000Z.png,/home/runner/work/himawari-ml/himawari-ml/out/2026-01-29/daily/masks/himawari_20260129T023000Z_mask.png,3,11,368,0.005615234375,148,138,191,159,169.90217391304347,148.9211956521739
,data/raw/2026-01-29/master/frames/himawari_20260129T025000Z.png,/home/runner/work/himawari-ml/himawari-ml/out/2026-01-29/daily/masks/himawari_20260129T025000Z_mask.png,3,13,387,0.0059051513671875,148,139,191,159,169.6201550387597,149.48320413436693
,data/raw/2026-01-29/master/frames/himawari_20260129T030000Z.png,/home/runner/work/himawari-ml/himawari-ml/out/2026-01-29/daily/masks/himawari_20260129T030000Z_mask.png,3,4,386,0.005889892578125,112,65,154,92,135.97668393782382,78.33937823834196
,data/raw/2026-01-29/master/frames/himawari_20260129T031000Z.png,/home/runner/work/himawari-ml/himawari-ml/out/2026-01-29/daily/masks/himawari_20260129T031000Z_mask.png,3,2,332,0.00506591796875,56,47,76,69,65.8433734939759,57.77710843373494
,data/raw/2026-01-29/master/frames/himawari_20260129T032000Z.png,/home/runner/work/himawari-ml/himawari-ml/out/2026-01-29/daily/masks/himawari_20260129T032000Z_mask.png,3,2,350,0.005340576171875,56,47,77,69,65.95714285714286,57.39142857142857
,data/raw/2026-01-29/master/frames/himawari_20260129T033000Z.png,/home/runner/work/himawari-ml/himawari-ml/out/2026-01-29/daily/masks/himawari_20260129T033000Z_mask.png,3,2,356,0.00543212890625,56,47,77,69,65.86235955056179,57.36797752808989
,data/raw/2026-01-29/master/frames/himawari_20260129T034000Z.png,/home/runner/work/himawari-ml/himawari-ml/out/2026-01-29/daily/masks/himawari_20260129T034000Z_mask.png,3,3,342,0.005218505859375,111,65,153,92,135.2251461988304,78.7719298245614
,data/raw/2026-01-29/master/frames/himawari_20260129T035000Z.png,/home/runner/work/himawari-ml/himawari-ml/out/2026-01-29/daily/masks/himawari_20260129T035000Z_mask.png,3,2,321,0.0048980712890625,112,65,153,92,135.05607476635515,79.04672897196262
,data/raw/2026-01-29/master/frames/himawari_20260129T040000Z.png,/home/runner/work/himawari-ml/himawari-ml/out/2026-01-29/daily/masks/himawari_20260129T040000Z_mask.png,3,14,311,0.0047454833984375,150,140,184,158,168.7363344051447,149.64630225080387
,data/raw/2026-01-29/master/frames/himawari_20260129T041000Z.png,/home/runner/work/himawari-ml/himawari-ml/out/2026-01-29/daily/masks/himawari_20260129T041000Z_mask.png,3,2,252,0.00384521484375,112,67,149,92,131.80555555555554,81.13095238095238
,data/raw/2026-01-29/master/frames/himawari_20260129T011000Z.png,/home/runner/work/himawari-ml/himawari-ml/out/2026-01-29/daily/masks/himawari_20260129T011000Z_mask.png,4,2,254,0.003875732421875,123,65,152,89,139.08267716535434,76.45669291338582
,data/raw/2026-01-29/master/frames/himawari_20260129T012000Z.png,/home/runner/work/himawari-ml/himawari-ml/out/2026-01-29/daily/masks/himawari_20260129T012000Z_mask.png,4,2,267,0.0040740966796875,123,65,152,89,138.85767790262173,76.46441947565543
,data/raw/2026-01-29/master/frames/himawari_20260129T013000Z.png,/home/runner/work/himawari-ml/himawari-ml/out/2026-01-29/daily/masks/himawari_20260129T013000Z_mask.png,4,7,283,0.0043182373046875,163,139,191,155,175.26148409893992,148.29681978798587
,data/raw/2026-01-29/master/frames/himawari_20260129T014000Z.png,/home/runner/work/himawari-ml/himawari-ml/out/2026-01-29/daily/masks/himawari_20260129T014000Z_mask.png,4,9,272,0.004150390625,164,139,191,155,175.15073529411765,148.30514705882354
,data/raw/2026-01-29/master/frames/himawari_20260129T015000Z.png,/home/runner/work/himawari-ml/himawari-ml/out/2026-01-29/daily/masks/himawari_20260129T015000Z_mask.png,4,3,298,0.004547119140625,123,65,153,89,139.06711409395973,76.46979865771812
,data/raw/2026-01-29/master/frames/himawari_20260129T020000Z.png,/home/runner/work/himawari-ml/himawari-ml/out/2026-01-29/daily/masks/himawari_20260129T020000Z_mask.png,4,2,309,0.0047149658203125,123,65,153,89,139.06796116504853,76.42071197411003
,data/raw/2026-01-29/master/frames/himawari_20260129T021000Z.png,/home/runner/work/himawari-ml/himawari-ml/out/2026-01-29/daily/masks/himawari_20260129T021000Z_mask.png,4,17,344,0.0052490234375,87,190,133,219,107.88953488372093,206.70639534883722
,data/raw/2026-01-29/master/frames/himawari_20260129T022000Z.png,/home/runner/work/himawari-ml/himawari-ml/out/2026-01-29/daily/masks/himawari_20260129T022000Z_mask.png,4,11,386,0.005889892578125,148,138,191,159,169.40414507772022,148.97150259067357
,data/raw/2026-01-29/master/frames/himawari_20260129T023000Z.png,/home/runner/work/himawari-ml/himawari-ml/out/2026-01-29/daily/masks/himawari_20260129T023000Z_mask.png,4,22,356,0.00543212890625,87,190,134,220,108.5561797752809,207.16573033707866
,data/raw/2026-01-29/master/frames/himawari_20260129T030000Z.png,/home/runner/work/himawari-ml/himawari-ml/out/2026-01-29/daily/masks/himawari_20260129T030000Z_mask.png,4,2,302,0.004608154296875,57,48,76,69,65.84437086092716,58.36423841059602
,data/raw/2026-01-29/master/frames/himawari_20260129T031000Z.png,/home/runner/work/himawari-ml/himawari-ml/out/2026-01-29/daily/masks/himawari_20260129T031000Z_mask.png,4,14,300,0.00457763671875,160,139,192,156,175.27333333333334,148.65666666666667
,data/raw/2026-01-29/master/frames/himawari_20260129T032000Z.png,/home/runner/work/himawari-ml/himawari-ml/out/2026-01-29/daily/masks/himawari_20260129T032000Z_mask.png,4,14,294,0.004486083984375,160,139,191,156,174.8673469387755,148.43197278911563
,data/raw/2026-01-29/master/frames/himawari_20260129T033000Z.png,/home/runner/work/himawari-ml/himawari-ml/out/2026-01-29/daily/masks/himawari_20260129T033000Z_mask.png,4,15,291,0.0044403076171875,160,140,189,156,174.20618556701032,148.4742268041237
,data/raw/2026-01-29/master/frames/himawari_20260129T034000Z.png,/home/runner/work/himawari-ml/himawari-ml/out/2026-01-29/daily/masks/himawari_20260129T034000Z_mask.png,4,17,329,0.0050201416015625,98,149,131,169,114.8693009118541,160.0243161094225
,data/raw/2026-01-29/master/frames/himawari_20260129T035000Z.png,/home/runner/work/himawari-ml/himawari-ml/out/2026-01-29/daily/masks/himawari_20260129T035000Z_mask.png,4,18,308,0.00469970703125,98,148,131,169,115.67857142857143,159.46428571428572
,data/raw/2026-01-29/master/frames/himawari_20260129T040000Z.png,/home/runner/work/himawari-ml/himawari-ml/out/2026-01-29/daily/masks/himawari_20260129T040000Z_mask.png,4,2,275,0.0041961669921875,112,67,153,92,134.54909090909092,79.55272727272727
,data/raw/2026-01-29/master/frames/himawari_20260129T015000Z.png,/home/runner/work/himawari-ml/himawari-ml/out/2026-01-29/daily/masks/himawari_20260129T015000Z_mask.png,5,10,281,0.0042877197265625,164,139,191,155,174.8861209964413,148.53024911032028
,data/raw/2026-01-29/master/frames/himawari_20260129T020000Z.png,/home/runner/work/himawari-ml/himawari-ml/out/2026-01-29/daily/masks/himawari_20260129T020000Z_mask.png,5,8,296,0.0045166015625,164,138,191,156,174.9966216216216,148.30067567567568
,data/raw/2026-01-29/master/frames/himawari_20260129T021000Z.png,/home/runner/work/himawari-ml/himawari-ml/out/2026-01-29/daily/masks/himawari_20260129T021000Z_mask.png,5,11,296,0.0045166015625,202,141,220,167,209.2939189189189,151.89527027027026
,data/raw/2026-01-29/master/frames/himawari_20260129T022000Z.png,/home/runner/work/himawari-ml/himawari-ml/out/2026-01-29/daily/masks/himawari_20260129T022000Z_mask.png,5,20,347,0.0052947998046875,87,190,133,219,107.93948126801153,206.6829971181556
,data/raw/2026-01-29/master/frames/himawari_20260129T023000Z.png,/home/runner/work/himawari-ml/himawari-ml/out/2026-01-29/daily/masks/himawari_20260129T023000Z_mask.png,5,14,280,0.0042724609375,202,141,220,167,209.32142857142858,151.52857142857144
